,First Name,Last Name,Address,Email,Phone,Age
0,Angel,Dixon,635 Elsie Parkway,magnetic1985@live.com,+19066078543,32
1,Pearle,Branch,1364 Saratoga Route,annex1999@protonmail.com,+1-530-465-5342,19
2,Robby,Parks,1054 Sedgewick Bridge,annex1902@duck.com,+16620988319,38
3,Quincy,Potts,437 Oxford Drive,land1991@example.org,+1-517-550-5627,41
4,Anette,Chang,585 Rosella Landing,internationally2081@yandex.com,+15348463102,41
5,Dotty,Dennis,1021 Dutch Windmill Access Alley,sie2036@gmail.com,+16691949160,30
6,Gianna,Wheeler,727 Middle Point Grove,combined1881@live.com,+1-212-295-0083,36
7,Cathern,Hopkins,823 Agnon Mall,prime1957@protonmail.com,+16610002413,18
8,Demarcus,Frye,1111 Burnett Hills,exhaust2010@live.com,+1-307-928-7073,29
9,Despina,Frazier,187 Santos Trace,were2031@live.com,+1-208-772-9844,20
10,Arianna,Downs,880 Fitch Canyon,lat2001@outlook.com,+1-706-612-7402,58
11,Rosann,Wooten,180 Innes Arcade,generates1937@yahoo.com,+1-772-344-8570,41
12,Providencia,Chang,1051 Emma Walk,emperor1995@gmail.com,+1-747-232-3069,55
13,Alejandro,Chambers,710 Spruce Center,investors2048@yandex.com,+1-274-517-3430,23
14,Latrina,Callahan,1337 Jade Bayou,translations2016@example.org,+16597499592,26
15,Shandra,Fitzpatrick,63 Drumm Green,conditions1870@outlook.com,+19367987461,66
16,Francina,Terrell,123 Rae Pike,enemies1821@duck.com,+1-764-180-1868,61
17,Retta,Zimmerman,1325 Fuente Grove,designs1901@live.com,+1-231-733-8440,27
18,Deloise,Brennan,1275 Beale Gardens,amsterdam1984@example.com,+13349403984,56
19,Seth,Chen,1002 Hitchcock Crescent,wake2055@yahoo.com,+16202165675,65
20,Fleta,Welch,739 John F Kennedy Loop,janet1965@live.com,+14808084860,57
21,Dennise,Rocha,1124 Aquavista Green,savannah2018@example.org,+12145572230,16
22,Pamelia,Carter,622 Lake Parkway,touch2009@yandex.com,+13106904025,46
23,Michel,Reeves,394 New Montgomery Shore,walk2040@example.com,+1-813-440-7407,44
24,Marshall,Delgado,780 Oak Place,unity1835@yahoo.com,+1-407-349-7155,41
25,Dannie,Roman,1247 Lamson Junction,essentials1897@yahoo.com,+18139832689,21
26,Giuseppe,Hall,86 Justin Alley,refund1890@example.com,+1-585-057-3236,31
27,Magaret,Bell,590 Lick Gardens,traditional1830@live.com,+1-339-729-5875,53
28,Zana,Leonard,501 North 15Th Avenue,handles1947@gmail.com,+12074165704,19
29,Millard,Ferguson,441 Chatham Circle,allows2031@duck.com,+13306733472,25
30,Demetrius,Hull,237 Jerome Trace,machines1997@duck.com,+15124720762,53
31,Brain,Cooper,114 Barry Motorway,feel1945@duck.com,+1-912-445-9626,34
32,Deetta,Barton,523 Rausch Bayou,uzbekistan1875@outlook.com,+18437500249,48
33,Logan,Albert,1368 Castelo Bypass,conviction1843@example.com,+15202801707,21
34,Antonio,O'donnell,135 Joy Lodge,frames1910@duck.com,+17021614201,54
35,Keesha,Carter,131 Farview Grove,wisdom1848@protonmail.com,+1-308-781-7533,50
36,Santo,Hardy,1027 Lisbon Stravenue,mardi2055@yandex.com,+1-669-920-5737,60
37,Lera,Wolf,890 Moraga Bridge,back1876@yandex.com,+1-445-898-9316,31
38,Sang,Bridges,1166 Dehon Bend,genome1966@live.com,+1-715-519-0059,16
39,Amiee,Curtis,1140 Crook Grove,invoice1875@yandex.com,+1-447-422-7299,47
40,Doug,Johns,113 Starr King Drive,collectors1953@yandex.com,+17656474306,28
41,Camellia,Lambert,966 Maywood Green,pillow2031@gmail.com,+12536438342,28
42,Fausto,Davenport,1141 Safira Bridge,barely1966@outlook.com,+12284013213,62
43,Alishia,Wilkins,252 Woolsey Circle,mounted2087@example.org,+1-254-264-4926,30
44,Thaddeus,Washington,621 Wattson Circle,sampling1893@example.com,+1-619-962-5520,40
45,Sung,Hopkins,687 Galindo Mall,flash2074@protonmail.com,+12245806092,63
46,Angelyn,Sanford,871 Belvedere Mews,maui1915@example.com,+1-769-760-7652,54
47,Sharyl,Knox,306 Reservoir Glen,username1974@protonmail.com,+12528211751,64
48,Wan,Evans,720 Lopez Lodge,musician1863@outlook.com,+1-585-195-2867,46
49,Johnathan,Fry,1325 Bache Parkway,link1836@protonmail.com,+1-203-359-8520,44
50,Vicente,York,795 Lydia Heights,coastal2010@example.org,+19574052070,28
51,Edmundo,Olson,33 Belles Alley,hampshire1966@outlook.com,+1-323-297-9160,45
52,Yuriko,Chaney,998 Dr Carlton B Goodlett Plaza,gel1893@live.com,+14324733564,34
53,Julio,Carroll,771 Crestline Expressway,writer2094@duck.com,+18622709285,35
54,Kim,Galloway,1070 La Avanzada Creek,christian1996@live.com,+1-557-511-4912,44
55,William,Stein,402 Hegal Center,soa1824@gmail.com,+18502738154,26
56,Valery,Guerra,967 Spring Field,median2053@live.com,+18140182106,57
57,Joan,Logan,120 Boylston Road,dated1953@gmail.com,+1-253-178-1330,49
58,Loren,Duke,577 Tonquin Pike,status1967@example.com,+1-445-797-6632,53
59,Luana,Campos,1167 Arroyo Pike,tmp1925@yandex.com,+1-603-794-8559,41
60,Katherin,Robbins,695 Minerva Point,stronger2062@duck.com,+1-831-831-6831,58
61,Gary,Mayo,862 Spruce Terrace,mix1977@yahoo.com,+15033481555,28
62,Ray,Gamble,203 Laurel Station,wiki1821@yahoo.com,+1-325-710-3628,52
63,Jonathon,Holman,546 Hunt Hills,dayton1944@duck.com,+1-586-843-0437,38
64,Angelic,Barry,603 Kenny Center,suffer1924@outlook.com,+18061437124,65
65,Bernardina,Webster,1033 Aquavista Alley,millions1890@yahoo.com,+1-918-055-8112,48
66,Jared,Pena,11 Crossover Lake,healthy1967@yahoo.com,+19086443957,63
67,Frankie,Leon,503 Cassandra Turnpike,winning2004@yahoo.com,+1-937-499-7388,27
68,Minh,Bowman,182 Alert Hill,pvc1999@protonmail.com,+1-425-497-6913,30
69,Shawn,Pickett,283 Exposition Pine,described1989@protonmail.com,+1-317-304-7075,55
70,Christoper,Hobbs,1114 Tampa Path,handbook1997@protonmail.com,+19848053095,43
71,Tamisha,Flowers,1365 Hazelwood Drive,rear1898@example.org,+1-534-634-5828,32
72,Kip,Parks,292 Pulaski Creek,brunswick1996@example.com,+18636571432,31
73,Guy,Blankenship,532 Chabot Park,harvest1965@protonmail.com,+1-432-403-4010,28
74,Sadye,Farmer,596 Avenue N Avenue,liquid1991@protonmail.com,+1-628-510-9304,31
75,Loida,Riddle,1042 Montclair Hills,sacrifice2007@example.com,+1-347-914-3444,42
76,Hugo,Zamora,1007 Banbury Landing,generous1976@example.com,+18181195009,30
77,Lizzette,Glass,649 Boutwell Walk,barbie1829@duck.com,+17547039647,64
78,Josue,Wright,1143 Plum Row,archived1819@duck.com,+1-404-200-5922,25
79,Keith,Paul,520 Fielding Extension,mastercard2037@yandex.com,+1-706-151-4402,24
80,Jean,Knight,1012 Crossover Lodge,emissions2079@example.org,+1-520-628-6655,58
81,Delana,Michael,921 Nelson Pine,alot1930@duck.com,+19371520997,57
82,Giuseppe,Olsen,470 Oakdale Row,cognitive1819@gmail.com,+12177756492,63
83,Demarcus,Whitehead,1388 Melba Bridge,component2014@yahoo.com,+14241991646,18
84,Sharleen,Hickman,327 Amber Garden,specials1867@protonmail.com,+1-984-358-0208,34
85,Delicia,Shaffer,410 Mint Highway,reminder2031@duck.com,+1-928-728-4078,19
86,Sol,Reynolds,128 Rutledge Station,formats1900@yandex.com,+13091140872,64
87,Genevie,Casey,1049 Saratoga Expressway,tropical2049@duck.com,+15189036160,23
88,Leopoldo,Barr,372 Hansen Mews,gamma1879@duck.com,+1-817-411-4024,53
89,Sam,Frederick,235 Quintara Creek,angle1926@yandex.com,+17655889653,57
90,Jimmy,Freeman,493 Castillo Annex,aye2029@live.com,+1-330-937-7944,42
91,Arlean,Clements,1353 Stoneman Junction,touch1838@yandex.com,+1-610-179-9867,46
92,Dale,Le,242 Colonial Glen,flexible1808@yandex.com,+17172072887,60
93,Sol,Bradley,683 Carnelian Place,terrorist1936@outlook.com,+1-430-869-0469,36
94,Cleotilde,Harvey,731 Valencia Alley,firms2073@yandex.com,+19490712344,55
95,Lonna,Sellers,441 Burnett Green,station1909@example.com,+15645246068,31
96,Ted,Blevins,164 Norwich Trail,lace2011@live.com,+1-217-291-2771,16
97,Houston,Mcdowell,1229 Allen Route,optimize1998@example.com,+19415079055,48
98,Hilaria,Black,87 Joost Pine,vienna2062@example.org,+1-957-807-4006,44
99,Son,Salinas,622 Don Chee Grove,runtime1851@example.com,+1-859-942-2388,56
100,Jamie,Blake,875 Oriole Expressway,appear2063@example.com,+14849018429,59
101,Sueann,Robles,1150 Orsi Loop,christians1893@yandex.com,+1-857-640-2163,55
102,Allen,Sharpe,245 Fowler Pine,rendered1967@example.org,+14109290212,17
103,Barbera,Bray,355 Gilroy Alley,similarly1987@live.com,+1-862-918-2993,23
104,Romeo,Reid,678 Nantucket Lake,spoke2069@duck.com,+17073114701,52
105,Sanford,Dillard,893 Garcia Heights,atm2013@example.org,+1-843-649-3028,55
106,Maurice,Davenport,3 Arbor Spur,proceedings1946@duck.com,+17471116363,24
107,Antonietta,Blankenship,711 Roscoe Street,replaced1893@gmail.com,+1-828-547-7201,59
108,Victor,Delacruz,769 Zoo Pike,prohibited1879@yahoo.com,+1-571-442-1762,49
109,Don,Price,1062 Stanton Court,recommends1838@yahoo.com,+18136716199,36
110,Salvatore,Duffy,1038 Schofield Park,mime2021@protonmail.com,+1-425-821-6607,25
111,Alfonso,Parsons,1360 Newcomb Row,gang1985@example.org,+13056829056,56
112,Kathe,Good,494 Mercedes Hill,feature1909@example.org,+1-251-803-3172,55
113,Sam,Beasley,162 Baywood Viaduct,disorder1899@protonmail.com,+18432040076,52
114,Daniele,Hyde,190 Charter Oak Stravenue,oasis2022@protonmail.com,+1-323-267-2322,19
115,Nicolas,Lowe,310 Dichiera Gardens,donors1969@yahoo.com,+1-205-156-9401,29
116,Rudolph,Holcomb,1202 Pfeiffer Square,giving2028@gmail.com,+1-253-914-1135,30
117,Carlos,Armstrong,1104 Saroyan Field,fears1925@live.com,+1-518-072-1603,35
118,Darell,Brown,1272 Wetmore Viaduct,towards2041@protonmail.com,+14253330112,32
119,Maye,Livingston,351 Meade Cove,forum1977@protonmail.com,+16069770702,18
120,Roselee,West,285 Hooker Lake,serum1984@duck.com,+15316861597,64
121,Earl,Rice,327 Otega Station,escape1889@yandex.com,+1-901-175-7440,26
122,Wallace,Grant,1099 Berry Extension Boulevard,spirituality1924@live.com,+17124812424,41
123,Christia,Lester,476 Sunbeam Drive,highway2099@example.org,+1-631-747-0245,46
124,Alise,Shaw,719 Henry Boulevard,buses1840@yahoo.com,+13156469635,65
125,Barry,Carey,348 Euclid Cove,falling1924@live.com,+14073192503,45
126,Zackary,Griffith,1273 Friedell Point,signed1821@yandex.com,+13605475792,51
127,Alishia,Larson,1337 Battery Safford Lake,conversion2033@duck.com,+12703690967,57
128,Jeanene,Stevens,1334 Crane Rapids,toe1854@gmail.com,+13210748501,47
129,Joshua,Dillard,777 Bell Pike,approximately2074@example.org,+1-909-653-0806,18
130,Chae,Mills,518 Bepler Grove,aged1833@example.org,+13861402947,62
131,Maybell,Hart,571 Hegal Freeway,title1991@outlook.com,+12077145344,57
132,Thaddeus,Coleman,1152 Ivy Gardens,serves2086@yahoo.com,+18063642581,47
133,Vannessa,Meadows,608 Mclaren Lodge Access Avenue,tank1824@live.com,+15702418647,30
134,Bibi,Mckee,418 Bright Route,dancing1963@duck.com,+14807727424,22
135,Pearle,Hicks,410 Lapham Trail,lounge1999@protonmail.com,+1-240-326-3776,33
136,Christene,Gibbs,1009 Incinerator Run,smilies2020@example.com,+15807672131,36
137,Magaret,Parks,1118 Dorman Street,get1816@yahoo.com,+17520732071,30
138,Sook,Haley,659 Trainor Cove,ddr2031@live.com,+1-305-759-2675,62
139,Shalanda,Townsend,530 Glendale Hill,resolve2059@example.org,+1-864-356-2511,44
140,Perry,Howell,344 General Kennedy Station,aluminium2042@live.com,+1-254-512-0265,35
141,Corliss,Price,98 Bigelow Glen,framework2052@yandex.com,+18125749497,51
142,Willie,Hinton,1088 Goethe Trace,advance2065@gmail.com,+13605608388,33
143,Branden,Dickerson,1153 Heritage Mews,ban1816@gmail.com,+14302923703,59
144,Jarred,Dodson,405 The Block Hills,wrap1824@example.com,+1-318-563-6427,65
145,Pierre,Mcintosh,954 Piedmont Avenue,battery1912@live.com,+1-803-937-9577,63
146,Oswaldo,Velasquez,864 Mono Gardens,issue2045@yahoo.com,+13078989925,56
147,Cristobal,Cote,1353 Bacon Lodge,common1864@outlook.com,+15077097575,51
148,Otis,Wolfe,404 Lundeen Road,sent1983@outlook.com,+1-234-212-5333,57
149,Kiley,Banks,608 Attridge Lake,epa2088@yandex.com,+1-207-759-8961,29
150,Danille,Campbell,1400 Baldwin Pass,nerve1925@example.com,+1-212-148-2356,39
151,Jennine,Mcgowan,129 Tioga Loop,kick1958@protonmail.com,+1-828-811-8150,20
152,Mitchel,Price,953 Menoher Place,instructors1936@example.com,+1-214-903-5511,20
153,Eulah,Chapman,146 La Playa Row,servers1900@duck.com,+16574975405,35
154,Emeline,Hogan,501 Silverview Circle,examinations1930@live.com,+1-227-993-5111,66
155,Eura,Cohen,1328 Mabrey Junction,stamps1826@outlook.com,+1-769-026-4020,31
156,Jeramy,Chang,244 Divisadero Pine,tract1858@yahoo.com,+18320642005,37
157,Dwight,Lamb,693 Verna Center,tier2024@gmail.com,+1-870-614-5812,35
158,Kris,Daniels,778 Chaves Creek,basic2007@example.org,+12563827129,16
159,Dion,Whitney,1240 Arbor Road,heights2077@live.com,+1-574-543-6945,66
160,Alphonso,Maxwell,571 Jose Sarria Row,christ1835@example.com,+1-406-598-9050,50
161,Stevie,Monroe,72 Bernard Park,concord2037@yahoo.com,+16799755371,31
162,Marlen,Mcfadden,805 Ritch Pine,particularly1876@outlook.com,+19797860622,48
163,Beckie,Head,767 Forest Knolls Annex,ask1990@yandex.com,+1-972-098-1206,66
164,Michael,Duncan,834 Parkridge Loop,those1854@outlook.com,+1-469-994-5021,46
165,Marlon,Cortez,908 Crestmont Ranch,typing1926@example.com,+13301115467,17
166,Corey,Roman,1225 Mangels Turnpike,applications1975@gmail.com,+1-831-130-7766,43
167,Michael,Sargent,1014 Otsego Pine,comprehensive1813@protonmail.com,+12513725634,45
168,Marleen,Tyson,1036 Mangels Garden,cape2016@example.org,+1-573-724-5419,27
169,Elizabeth,Sandoval,878 Cordova Annex,breathing1900@example.org,+1-862-548-0877,66
170,Carlee,Herrera,287 Carver Lake,realtor2022@live.com,+13257097315,49
171,Grady,Petersen,129 Alhambra Hill,mario1822@duck.com,+19377813916,50
172,Somer,Lamb,374 Rosa Parks Gardens,fill2056@outlook.com,+19700382068,36
173,Rossie,Donovan,239 English Parkway,collect1858@protonmail.com,+1-278-065-3508,57
174,Elwood,Santiago,153 Bacon Expressway,creating1924@outlook.com,+13694961412,63
175,Numbers,Fields,351 Ridgewood Landing,fairly2033@protonmail.com,+1-561-699-1957,19
176,Perry,Lynn,467 Thorp Square,images1998@live.com,+12156273723,43
177,Jan,Mitchell,676 Carrie Crossing,delete1859@outlook.com,+16179637963,38
178,Russell,Webster,378 Arguello Pass,bacon1818@yandex.com,+18474429799,64
179,Sonny,Nguyen,251 Vasquez Bayou,allow1930@outlook.com,+1-805-294-4701,30
180,Broderick,Webb,166 Palace Of Fine Arts Gardens,burns1922@example.com,+1-872-197-1682,37
181,Pamila,Snider,1275 Cedro Point,courses1963@yahoo.com,+12343068229,25
182,Minta,Macias,1375 Daggett Extension,scientists1820@duck.com,+1-919-260-7686,44
183,Nakisha,Blackburn,1003 Helena Road,potential1943@outlook.com,+13084065819,26
184,Elizabeth,Hanson,317 Raleigh Ferry,incl1887@gmail.com,+13373832126,57
185,Un,Powell,473 Otega Bridge,customers1937@gmail.com,+13137200081,48
186,Deshawn,Hensley,31 Kaplan Walk,quote2073@live.com,+17075822915,38
187,Brendan,Conley,327 Treasure Island Trace,dried2005@outlook.com,+1-843-550-1052,53
188,Whitley,Sparks,825 Acme Spur,committed2067@example.com,+14581081148,63
189,Rosann,Carey,1266 Jersey Landing,looksmart2019@live.com,+17060972382,54
190,Reggie,Barton,1006 Alvord Canyon,writes1905@example.org,+1-571-114-7553,37
191,Ardelle,Stanley,1262 Lendrum Viaduct,yields2013@outlook.com,+1-504-640-8465,20
192,Cameron,Frederick,366 Gladeview Path,swimming1979@protonmail.com,+12407721683,62
193,Devon,Fulton,708 Paraiso Road,pass2063@duck.com,+1-207-172-7511,26
194,Lacy,Hudson,1 Kearny Bypass,dreams2085@yandex.com,+17739951471,33
195,Ward,Maldonado,1001 Esquina Ranch,nbc1900@protonmail.com,+13523080070,27
196,Adolfo,Briggs,648 Stillman Pine,formed1915@yahoo.com,+1-337-325-9510,29
197,Toney,Morrison,1091 Excelsior Landing,tribune1964@example.org,+16068578638,26
198,Quintin,Jarvis,419 Townsend Crescent,luxembourg1908@yahoo.com,+1-957-353-0484,61
199,Tish,Gibbs,1252 Lomita Bridge,download2090@example.com,+1-989-182-4352,45
