name, address, zipcode, email, phone, gender, occupation, company, dob, website, username, text, country, city, state, uuid_val, ssn, credit_card
Paul Flowers,"5273 Mikayla Port Suite 498
Lindaview, TX 60545",61051,jenningstimothy@example.org,231-551-3982,Male,"Production designer, theatre/television/film","Lewis, Murphy and Long",1961-11-29,https://www.hatfield.net/,lshah,"Point set keep. Necessary establish increase practice could.
Land care floor something. Effort letter discussion church senior.",China,Christopherport,Iowa,1b1878f2-9599-4583-ac2e-89adb36731e9,276-28-6390,6011754921888281
Jeremy Jones,"50265 Gutierrez Unions
Stonehaven, GA 65136",54238,burnettmary@example.net,888.477.6882,Male,"Surveyor, minerals",Willis-Ramirez,1998-10-15,https://rosario-reed.info/,ethansmith,"Security environment today decide per popular stage. Itself whatever black community floor. If policy image leave.
Avoid say off ground. Deal low audience young people describe certainly threat.",Switzerland,New Michael,Washington,4f6caeb9-387d-418b-8787-cb5e64438972,358-83-6180,4703243411196114
David Martinez,"9182 Selena Hill Suite 773
Taylorchester, NE 89270",17465,abigail33@example.com,456.673.6941x95468,Male,Research scientist (medical),Robinson-Walter,1982-03-04,http://www.flores-lambert.com/,katherinelong,"Think teach few young important to take. Ready TV pick everybody.
Hotel conference TV hand these alone.",Italy,Aprilbury,Iowa,cba56e16-72be-4a07-acc9-f8061711e8f9,892-15-5921,2715132886547390
Kimberly Wilkerson,"Unit 2948 Box 6895
DPO AA 21834",18018,lweaver@example.net,+1-814-632-3102x4846,Female,Ambulance person,"Esparza, Martinez and Mann",1936-07-27,http://www.patterson.org/,marshalldan,"Loss trouble reveal time couple audience. Person run major price. Government there middle somebody.
Account throughout free money. Mission treat beautiful whom size firm different.",Honduras,Port Kelly,Ohio,42c48bf3-6d4a-4d1f-ba88-fcfbf8ae4c3d,421-54-6210,3519437541312064
Melissa Shea,"713 Kelly Bridge Suite 058
Port Rebecca, ID 14365",62768,joshua72@example.net,209-677-3391,Female,Automotive engineer,Hernandez-Reed,2007-10-01,https://terry-padilla.biz/,christopher55,Call describe yet home high analysis civil. Present figure medical red. Goal main clearly final laugh gas dark.,Chad,Lake Maryberg,New York,5967c099-a64c-47cc-8dee-2c344873b84e,730-78-3759,3579340834638921
Mrs. Laurie Jones MD,"65865 Richard Ramp
West Sherry, OH 93479",38177,jeffrey67@example.com,122-137-6829x4991,Female,Chief Technology Officer,Newton-Jones,2021-10-22,http://henderson-lewis.net/,crystal27,Peace main wind. Party capital reduce.,Benin,Connerfurt,Connecticut,7ed5f8b1-2838-4059-a134-6602513d862b,185-81-7081,4710080413565206
Ms. Crystal Weber,"844 Davidson Row Apt. 588
South Kathleen, CA 28943",89971,patricia68@example.org,438.360.2280,Male,Paramedic,Morgan-Adams,1987-07-26,https://www.raymond-pratt.com/,tmejia,Exist cut assume eight society audience heavy. End edge exist several front. Prevent Mrs push late detail simply single seem.,Lesotho,Esparzastad,California,b9bc8615-690a-4491-bc7d-d98d454f5b2a,469-11-0632,3558036721961278
Kimberly Matthews,"Unit 7800 Box 8672
DPO AP 62565",32074,kenneth22@example.org,001-073-515-3267x611,Female,"Editor, film/video",Benjamin LLC,2023-04-14,https://moore.com/,hboyer,"Base should run record section media bad.
Soon son protect main. Environmental allow stock she court now on.
This bank poor why. Food investment country television.",Reunion,Lake William,Connecticut,ae197e89-7faf-4ceb-bd3d-260be55fe442,614-63-7968,213195221550594
Jermaine Spencer,"386 Johnson Knolls
Jasonview, OH 29481",11284,yvonne70@example.org,001-123-238-9092x655,Female,Magazine journalist,Tucker-Francis,1959-11-10,http://ramos.com/,watsonlinda,"As agency seven charge. Fire view agree film shoulder forward.
Fear data as here social. Establish federal perform step recognize. Staff candidate argue old morning buy example.",Guatemala,New Kellystad,Maryland,6cca07b2-1575-49dc-898a-9c7168201543,187-41-1570,346219862953311
Luke Hughes,"91159 Wright Parks
North Robertburgh, CA 02825",12141,tammy64@example.org,(467)368-8265x650,Female,"Scientist, physiological","Williams, Nelson and Garcia",2010-10-06,http://www.smith-carr.com/,joshua34,"Remain center Mr economy begin star.
Environmental quality grow some this organization know reach. Mouth whom last second. Soon citizen center stuff others look significant.",United States Virgin Islands,Markport,Arizona,c3419928-78d8-43e6-bd2b-dc6020ab0e7b,123-16-5012,060490354580
